{
    "accuracy": 0.6341747614108884,
    "precision": 0.6424913192239394,
    "recall": 0.7776549682422189,
    "f1": 0.703500578836701
}
